Date,SPX,NDX,GOLD,BTC,US10Y,US2Y
2005-02-28,0.018903346132113308,-0.005665843214399113,0.034850670062718025,,0.05468190530426842,0.08148345407980084
2005-03-31,-0.01911765556028966,-0.018854806598269436,-0.01786938784185277,,0.03142913526312907,0.04480598396633528
2005-04-30,-0.020108582083263493,-0.04164501832293854,0.014695562429623443,,-0.06561379264264411,-0.06660275327205811
2005-05-31,0.02995204663120865,0.08575508165915058,-0.04298853380926726,,-0.0464175581398516,-0.03670428409312332
2005-06-30,-0.00014271417986777557,-0.031835232814166115,0.047081447701754264,,-0.015227186240617585,-0.007460729067874872
2005-07-31,0.03596828690361842,0.07473618944339289,-0.013764625106704731,,0.08643849111798607,0.1073825786867737
2005-08-31,-0.011222104598600069,-0.014596890923605277,0.009071863112013467,,-0.062062484361776304,-0.06206061623313208
2005-09-30,0.00694902431673361,0.012612978191249846,0.08114341447107298,,0.07661693761178845,0.08425955470631141
2005-10-31,-0.01774077993231349,-0.01403542573893557,-0.00831555201809031,,0.053373369438396434,0.060071476693576153
2005-11-30,0.035186096519093324,0.05913195563949625,0.06342721912034177,,-0.012941437828760338,-0.004947118469960654
2005-12-31,-0.0009523493171964548,-0.016358221207840362,0.04549124384303549,,-0.023333337571885826,-0.01581924715120786
2006-01-31,0.025466771341108085,0.039843211022121405,0.10384841373504727,,0.030034122879471603,0.024799035858263707
2006-02-28,0.0004531577283561905,-0.023486806202506205,-0.01611775123297332,,0.0044179326586268886,0.03092090902709499
2006-03-31,0.011095810408889628,0.019807663824032096,0.03596868426847033,,0.06729717117164347,0.04629435021011519
2006-04-30,0.01215565291784415,-0.001731609113908683,0.12031626240753579,,0.04450846815797904,0.02201909923937828
2006-05-31,-0.030916916538203165,-0.07122319952547396,-0.014268161962474157,,0.008680242807862726,0.02235775036761045
2006-06-30,8.659650459597046e-05,-0.0027538812259952916,-0.045136186770427966,,0.0048895160918787095,0.013518854263687041
2006-07-31,0.0050858788034533475,-0.04177163180847543,0.03374085119320491,,-0.02919425749967497,-0.03785795172720652
2006-08-31,0.02127419311502643,0.0465738220760743,-0.013087334647132187,,-0.05132318489753063,-0.04342513525696856
2006-09-30,0.024566297967782313,0.04709667179449606,-0.04361726755591999,,-0.020921382025677282,-0.022378521107615956
2006-10-31,0.03150800358539563,0.0474025825952189,0.009188105954425207,,-0.0058277468182981185,-0.004142152572093161
2006-11-30,0.016466656343095964,0.03388664020097831,0.07084928084397246,,-0.03213195076092068,-0.02758317249125508
2006-12-31,0.012615782814670462,-0.019176539057048192,-0.01808627572340671,,0.05652755600964543,0.05830713788312414
2007-01-31,0.014059043023177953,0.020137745114217287,0.026448342994510377,,0.02462848716275423,0.025100946249368095
2007-02-28,-0.021846175991944383,-0.017117890736624175,0.02668715400929833,,-0.0571902218547522,-0.06557377049180324
2007-03-31,0.009979982939206433,0.00610808918866268,-0.009560836839921816,,0.021538366735338155,0.007550610342061503
2007-04-30,0.043290690426759815,0.05382090288475805,0.02639517345399689,,-0.003872558081702837,-0.004628693950747609
2007-05-31,0.032549228707361655,0.03235975982130901,-0.028655400440852352,,0.05615545261732091,0.07462364601364757
2007-06-30,-0.01781632254788501,0.0030650684627975266,-0.01951592195773444,,0.02924338032503515,0.01710276189221327
2007-07-31,-0.03198187836198829,-0.0010547112444740936,0.029007945589147877,,-0.0520564443315118,-0.06766605400432124
2007-08-31,0.012863572018857905,0.02933134589835018,0.009146761677354842,,-0.049046265698347025,-0.07627124966350962
2007-09-30,0.03579400817860079,0.05148015465075528,0.10371469211436657,,0.00925717770218304,-0.005175214383230542
2007-10-31,0.014822338223554832,0.07071357578065718,0.06623588181956741,,-0.022712402629258666,-0.014660740911792924
2007-11-30,-0.04404341737941575,-0.06694114468192847,-0.012373721960819095,,-0.1124022417207482,-0.1797455884264625
2007-12-31,-0.008628508561297932,-0.0019961542389966835,0.06737408768165909,,0.01586101853116273,0.010825026640730373
2008-01-31,-0.06116343227776988,-0.11679523805564795,0.1051622771895202,,-0.09814124496218868,-0.18205498187880742
2008-02-29,-0.03476119273728817,-0.05221515032933899,0.053538487835006254,,-0.028854086516790334,-0.1121726521738654
2008-03-31,-0.005959623397817415,0.021005365226828276,-0.05750433575025271,,-0.02886247889212945,-0.016739758572924646
2008-04-30,0.047546697641229096,0.07619260766054836,-0.05828424329031312,,0.09527976357657342,0.2294284487194207
2008-05-31,0.01067418170406853,0.059899879043638915,0.028395920661369756,,0.07635007610176303,0.12331027808111794
2008-06-30,-0.08596238482631446,-0.09617380244436113,0.04384089366531008,,-0.016559543301728485,-0.01937187657321615
2008-07-31,-0.009859371185302779,0.006564762106446409,-0.013280055744826935,,0.0,-0.022448382485904306
2008-08-31,0.012190464669121548,0.012649062725913263,-0.09257034069490722,,-0.04171905603741255,-0.054194747097093265
2008-09-30,-0.09079143354379215,-0.1484134001849301,0.054142077746263784,,0.0036716336474960087,-0.033344100375071295
2008-10-31,-0.16942452401777075,-0.16295314573930497,-0.18005035714502649,,0.037366116937494365,-0.05525785615551082
2008-11-30,-0.0748490423387097,-0.11165137777449363,0.1386719114213657,,-0.25516372900347584,-0.31088268792133156
2008-12-31,0.007821576633499472,0.021842736170408994,0.08257775345611007,,-0.2411227781496993,-0.2021604966661258
2009-01-31,-0.08565734305805428,-0.025915094112466286,0.04945678294983269,,0.2673797478925348,0.20760801218624847
2009-02-28,-0.10993119762019943,-0.053598822084833686,0.015313288465395258,,0.06926855881926142,0.07848369095377161
2009-03-31,0.08540446199532292,0.1074495032010685,-0.02007437537340684,,-0.11706674105389325,-0.17079209498407433
2009-04-30,0.09392507914826331,0.12717758550625602,-0.03457615892374888,,0.16350098288838288,0.20417911484502294
2009-05-31,0.05308144638516654,0.02957692334966766,0.09891094013531898,,0.1091548763695902,0.16360928619698245
2009-06-30,0.00019582726560996022,0.029033802092806482,-0.05281979245178192,,0.0167388424746735,0.08990209396943194
2009-07-31,0.07414172714778422,0.08536807266986801,0.028691659283328397,,-0.00624469894257329,-0.0097732973064667
2009-08-31,0.03356018886854417,0.013615130883973592,-0.0020970954958590138,,-0.02856324098909191,-0.056454752426824406
2009-09-30,0.03572334572311964,0.05771636067779329,0.05915728388235153,,-0.027638959264002394,-0.03012553286300701
2009-10-31,-0.019762000526814205,-0.0301688698864917,0.0314483642578125,,0.02570306627063368,0.0017256032642978258
2009-11-30,0.05736406145372763,0.06016330372218048,0.13600079932165676,,-0.05630895843060968,-0.13608956981362075
2009-12-31,0.017770570919338313,0.052550880125524335,-0.07272883429825483,,0.20056231331419183,0.338983077035347
2010-01-31,-0.03697424569226215,-0.06411297889847933,-0.011139473809162359,,-0.06088992233249435,-0.12583769376279808
2010-02-28,0.028513689046546054,0.044594043161835906,0.032594689591989745,,-0.0038791740345318626,-0.027257294867116144
2010-03-31,0.058796425545497355,0.0767919084087414,-0.0044710719678850985,,0.06620303593395716,0.12084064473229583
2010-04-30,0.014759230482012997,0.021594840426383932,0.060001728040995905,,-0.04435164109798939,-0.05468744906829559
2010-05-31,-0.08197584207319053,-0.07409665449012304,0.027201064528451724,,-0.09882609282013177,-0.13347114977651708
2010-06-30,-0.05388244223983851,-0.06113723303647456,0.027470755790686807,,-0.10602851575664352,-0.1440152328674298
2010-07-31,0.06877784957463517,0.07179409610490883,-0.051224447071959056,,-0.014910169679539065,-0.10974925470948094
2010-08-31,-0.04744918363260475,-0.05180791109928251,0.056359567071322614,,-0.14791883631396197,-0.1602002716002302
2010-09-30,0.08755110305113556,0.13047757384648317,0.047664822296416,,0.01614855142665661,-0.045454537379129634
2010-10-31,0.03685599403554063,0.06326695643631242,0.03769683813820657,,0.03774335721971167,-0.07962529012479003
2010-11-30,-0.002290249746576656,-0.003351395989793726,0.02055856231374298,,0.07082693093035641,0.24173024748110983
2010-12-31,0.06530004034715509,0.04747962083734203,0.02606496432197658,,0.18162322055517688,0.3770492150345064
2011-01-31,0.022645574359139164,0.02887910038742425,-0.061431235140101736,,0.022087731542849598,-0.03174603643901519
2011-02-28,0.03195656372809341,0.03027292083636346,0.056605186111917005,,0.010657197491960702,0.09477462085553068
2011-03-31,-0.0010473129391664893,-0.00510423270615612,0.02100331693775992,,0.011716450337075246,0.041179137694589585
2011-04-30,0.028495380666536008,0.02782828834769946,0.08138159260482469,,-0.045744062694008436,-0.11235950180051579
2011-05-31,-0.01350095289522324,-0.013119379570375567,-0.012917722098931606,,-0.07463593786823408,-0.14531648436297062
2011-06-30,-0.018257461652479323,-0.020008079915010635,-0.021876408003024594,,0.03540984975173589,0.03909951786621013
2011-07-31,-0.02147442530666621,0.016231764688711126,0.08387139446496517,,-0.11177958406149902,-0.21721775025014245
2011-08-31,-0.05679110795232889,-0.05154881086828267,0.12295028260667151,,-0.20926920414860217,-0.3066278193148392
2011-09-30,-0.07176198808089651,-0.045439367821319965,-0.11380911981730246,,-0.13255181197050492,0.013655411281430885
2011-10-31,0.10772303843744147,0.10326393924000477,0.06405821105522791,,0.13045734110498586,0.0476684607974065
2011-11-30,-0.005058715107011391,-0.02749064642106125,0.012353583941147939,,-0.049195345499221665,-0.05835807427127582
2011-12-31,0.008532763666636134,-0.007567912781632047,-0.1029504160251361,,-0.09526113116699086,-0.12815129812276682
2012-01-31,0.043583062704985354,0.08346534487918111,0.10984799759632669,,-0.03848210834907184,-0.14337344630256943
2012-02-29,0.04058946376811723,0.06286600196681613,-0.01605479550589073,,0.09894384149180313,0.23066099704399545
2012-03-31,0.03133231453144192,0.050386915083070694,-0.02374406398400397,,0.12089027933564545,0.19199998038155686
2012-04-30,-0.007497452372495994,-0.011465332859100119,-0.0035344301452602256,,-0.13583037336391168,-0.22243528009840308
2012-05-31,-0.06265072571454366,-0.07299309002631993,-0.060598802061237245,,-0.17441253162936876,-0.17262637177041673
2012-06-30,0.03955498222833631,0.035981990874375924,0.02617434087615811,,0.04933590773125407,0.08643810461849832
2012-07-31,0.012597574204787909,0.010249590511993256,0.004365450576863106,,-0.100663080998866,-0.1783264748470842
2012-08-31,0.019763369506085704,0.04908552012633627,0.04601054056872855,,0.04691692574579509,-0.005008282956294963
2012-09-30,0.024236153617775313,0.009721362965259273,0.05134750163457258,,0.048015318011759955,0.057046943956934326
2012-10-31,-0.01978940971629395,-0.054040641291835834,-0.030263664572749427,,0.029932819701735003,0.1349206018820308
2012-11-30,0.0028467166850427716,0.011314526806492475,-0.003842780544941804,,-0.04744961056530872,-0.1412586784157568
2012-12-31,0.007068230956284616,-0.006329615932613386,-0.02109999127406681,,0.09339981342186787,0.18078175468884194
2013-01-31,0.050428096466868855,0.026532114512583416,-0.008478667798059503,,0.1304100039129974,0.21517234949663266
2013-02-28,0.011060648765041536,0.0025809889521659635,-0.04992173047865511,,-0.048866499829713916,-0.1271282528931087
2013-03-31,0.03598772398287298,0.029252335515453698,0.010838624697648402,,-0.019067803566327757,0.0
2013-04-30,0.018085767779890016,0.024390763592004205,-0.07687490212101367,,-0.0955723790273526,-0.11833552826728988
2013-05-31,0.020762811683057825,0.03266563816854284,-0.05406872587013445,,0.29194035578315947,0.5530973669163615
2013-06-30,-0.014999301595580827,-0.024200442648986686,-0.12121207074327989,,0.14510161104411257,0.31528967292049415
2013-07-31,0.04946207991308538,0.062066894998893174,0.07239742772585944,,0.04640839910771022,0.004332160290963616
2013-08-31,-0.031298019479343964,-0.005300607122242451,0.06377624932553916,,0.060162029012958085,0.15097046300681294
2013-09-30,0.029749523259195332,0.04697424038106712,-0.04985314576538591,,-0.04874501979247092,-0.13304181535872872
2013-10-31,0.04459575276194472,0.04957119871895577,-0.0021862227018940583,,-0.027915852373769257,-0.05259362652863586
2013-11-30,0.028049471367328715,0.032592921437535116,-0.05515261510010527,,0.07828476688206565,0.039543668672525234
2013-12-31,0.023562791975445974,0.029869640520082674,-0.0389412698885252,,0.1039766845586434,0.278712543145784
2014-01-31,-0.035582905955811595,-0.019510044021436523,0.031782968962412506,,-0.11830800969810507,-0.13615562458812958
2014-02-28,0.0431170301781616,0.0494560295648403,0.06555926975944937,,-0.0037481223866557833,0.000662282606859188
2014-03-31,0.006932165418227054,-0.027152973342230324,-0.028757378006595724,,0.024454498648243783,0.14626072183392647
2014-04-30,0.006200789153414155,-0.00381561813156317,0.009505961461583112,,-0.027543167946316838,-0.029445727045552594
2014-05-31,0.02103028007328045,0.04321585250335436,-0.038592158800703436,,-0.07212990355122129,-0.09101725024377272
2014-06-30,0.019058331749470137,0.03014860497654026,0.06117539718667908,,0.024013030055587414,0.0634816773839304
2014-07-31,-0.015079830845342368,0.011175540527427641,-0.030640035182254888,,0.015898235825726692,0.084923083965595
2014-08-31,0.037655295579825276,0.04882724690911999,0.0035120579321883394,,-0.08333335665283448,-0.07657401564772359
2014-09-30,-0.015513837249453988,-0.008110133579585344,-0.05856279823348376,,0.07042252087917955,0.0933660617014973
2014-10-31,0.023201460667203078,0.026857971101519773,-0.032548553832352334,-0.12565897341518484,-0.06897921290304676,-0.09382019033035838
2014-11-30,0.02453358864631494,0.04318687122872267,0.0035009612086160935,0.11742097290634956,-0.060385451872121854,-0.06323620326181145
2014-12-31,-0.004188587515997044,-0.023401375583450013,0.00740305786561013,-0.15303389354919228,-0.010938892144716328,0.09397746952372388
2015-01-31,-0.031040805838410623,-0.020737442716324272,0.07990537514580853,-0.32083459301317074,-0.22811064819087545,-0.28191165257465745
2015-02-28,0.0548925108906233,0.0704458635461338,-0.05154479813379942,0.16921879119020078,0.19522397041958395,0.267902231915188
2015-03-31,-0.017396107114219572,-0.02409095527270788,-0.02432789097306831,-0.03948274599751067,-0.03396607144196906,-0.08637873464685342
2015-04-30,0.008520819822535275,0.018589252965247605,-0.0005916247031687583,-0.033080265589301217,0.057911058775726776,0.0487272956154563
2015-05-31,0.010491382304589791,0.021294670668856597,0.005920162259357875,-0.02521756430715716,0.023949181184835355,0.017337014987881094
2015-06-30,-0.021011671979729973,-0.024730268812732215,-0.015049625060232108,0.14284716180825696,0.11455847554138376,0.10974779312483385
2015-07-31,0.019742029435184882,0.043702726750567855,-0.06538623609555061,0.08202318631636807,-0.0556745663028273,-0.04914007486753347
2015-08-31,-0.06258081825586559,-0.06849776252361117,0.033518997491588376,-0.19179341405669803,-0.002267517548905529,-0.004521944174165737
2015-09-30,-0.026442831280001466,-0.021878176995638765,-0.01422762100856445,0.026097984008702113,-0.06363640994079744,-0.10772226324366074
2015-10-31,0.08298311781266654,0.11187833060895547,0.023307933662034985,0.33087345741177954,0.04417479739628383,0.11127272519198339
2015-11-30,0.0005048691103348713,0.003372824395922791,-0.06631620777212,0.2010244020379246,0.031148261993972914,0.0824607637211805
2015-12-31,-0.017530185032692547,-0.015272718822189946,-0.005160442623405204,0.14111583942323125,0.022993741995832373,0.06287785343715546
2016-01-31,-0.0507353220469523,-0.0683826764637504,0.052909528437672826,-0.1435316449945243,-0.14896432400716364,-0.2406143197750511
2016-02-29,-0.0041283603090035426,-0.018239473101666626,0.10524901238843065,0.1869201772263378,-0.09891247297109929,-0.08614232677953126
2016-03-31,0.06599111444005845,0.0672535017284035,0.0002430721710657835,-0.0479052575029868,0.02643678365665303,0.0032786462358886936
2016-04-30,0.0026993982833325436,-0.03175092370996424,0.044563281620435546,0.07580223349397341,0.01847703926310773,0.04493469590332988
2016-05-31,0.015324602525288444,0.042058908678478835,-0.057710134317117356,0.1852881089554299,0.008246281279658874,0.06254880450516032
2016-06-30,0.0009109212401243738,-0.023473147710715958,0.08528150429848669,0.26713348191662334,-0.18865864653775988,-0.25607059505875285
2016-07-31,0.035609800753315435,0.07074490602324413,0.023209932508562403,-0.07226091336683538,-0.020161350730946048,0.021760587901047623
2016-08-31,-0.0012192428990193127,0.008629564394817102,-0.03120828434835987,-0.07877467543494365,0.0754458288602593,0.14230392668247815
2016-09-30,-0.0012344511393173052,0.02193445780469161,0.00489710329367532,0.05953895478755822,0.02551025644671001,-0.020338924148237014
2016-10-31,-0.01942567890903446,-0.01526553577941625,-0.03182825498668318,0.14963386012549873,0.1405472299335111,0.13581309963638066
2016-11-30,0.034174521829295035,0.001986982407507165,-0.079197759474538,0.06379569384552086,0.2911668711012827,0.3968012505989973
2016-12-31,0.01820076244186586,0.010977373446580563,-0.017765671302238273,0.2924160384029304,0.03293921776153952,0.054525640299811995
2017-01-31,0.01788435819838252,0.05204968649774799,0.05095650050951095,0.0069105916320904015,0.0020441029515945175,-0.013443651852662719
2017-02-28,0.03719816006681631,0.041733366605767985,0.03640575946451463,0.21595868139061847,-0.037943670375756855,-0.014675050970093695
2017-03-31,-0.0003891971352694146,0.01987124964789455,-0.004231140716199788,-0.09168024129983776,0.016115295906470317,0.02606384304245446
2017-04-30,0.009091208748854607,0.027095947967013423,0.015072497411890318,0.2576064019287243,-0.047579235372880335,-0.05857959259345091
2017-05-31,0.011576251246328662,0.03676348607953295,0.0046599988372419965,0.6962881891411046,-0.03768622402444277,-0.03744491165383723
2017-06-30,0.004813775207812565,-0.024509378040265317,-0.024606956625884413,0.08503732193929925,0.04826955455681281,0.07837526470019984
2017-07-31,0.019348826001101882,0.041334065203548764,0.020875332822895,0.15901871383230914,-0.0043440444241539256,-0.028116696851597234
2017-08-31,0.000546433019853243,0.01841223504340639,0.03915993726669087,0.6357682892979797,-0.07460732970677741,-0.06823144040869522
2017-09-30,0.019302978562167672,-0.0015529995019019083,-0.02636373838259154,-0.07753559989298775,0.09665248407760729,0.12946687399445533
2017-10-31,0.02218813506615125,0.0450320710955423,-0.011314865392118567,0.49085787263504255,0.02149611042531885,0.042531129824606495
2017-11-30,0.028082627806563343,0.018724313906383516,0.004893410553965971,0.5820913616777115,0.017255946566942848,0.06666669829765581
2017-12-31,0.009831630594270502,0.004847941578932646,0.025997564346263102,0.3833256069209823,-0.004964867045394117,0.02891792663024262
2018-01-31,0.05617870412552817,0.08654377280748182,0.025032496325182008,-0.2779873889308847,0.1309771563275448,0.1441522333908125
2018-02-28,-0.0389473718793677,-0.013751143422807144,-0.0175504107542942,0.01729762824029568,0.05441176483478505,0.04992082783769369
2018-03-31,-0.02688449860055664,-0.03987062978011169,0.005549257946123154,-0.3293328919130871,-0.04428176154418095,-0.03320756828712723
2018-04-30,0.0027187749953683227,0.003713639122983725,-0.004989490030709476,0.3250893147910252,0.07114198326859955,0.08860265217865915
2018-05-31,0.0216083418545836,0.05482648217905006,-0.01223216546361583,-0.18899090635565918,-0.038828364371462976,-0.044818930964956705
2018-06-30,0.00484243626760783,0.0104868909133351,-0.037535518555654956,-0.14546906905498158,0.009567664831130918,0.025150116891329732
2018-07-31,0.03602155617289915,0.02715319013245754,-0.022057137840039376,0.2149344068404513,0.040365044036723585,0.04284148857005077
2018-08-31,0.030263211276748248,0.0584307237243431,-0.019122254864308075,-0.09547787385747553,-0.037449413473400806,-0.03967701984817895
2018-09-30,0.0042942874264617625,-0.003514237026360112,-0.007331540839906392,-0.058545695389234265,0.07115319802222042,0.07787936647081484
2018-10-31,-0.0694033560936963,-0.08659938685499091,0.01745702797156956,-0.046479119136965674,0.0337041642036191,0.013229319856806532
2018-11-30,0.01785935665477978,-0.0025965368342182327,0.006516457993535951,-0.3641157587086258,-0.046217129518726585,-0.047539323900141595
2018-12-31,-0.09177689467997252,-0.08908313150507896,0.04761522699656795,-0.0683469654808112,-0.10852967191609564,-0.11775045159160114
2019-01-31,0.07868440166582613,0.09113307161438033,0.03238668603799488,-0.07612356891843053,-0.018987385030278525,-0.02788841972460654
2019-02-28,0.029728889343927145,0.027608855239173558,-0.005228387208488505,0.11481101020191953,0.028842495438152316,0.02827869020652707
2019-03-31,0.01792425624958849,0.039625086880675786,-0.015082303543330622,0.06501500614248945,-0.10955364629165443,-0.10601834426140555
2019-04-30,0.03931349831373798,0.05457412825448538,-0.007888593327049498,0.3033373026312973,0.03935378096898279,0.017387442622226024
2019-05-31,-0.0657777313668354,-0.08398166967131282,0.01792952847250917,0.6024930171574245,-0.1462734530848978,-0.15556529753948267
2019-06-30,0.0689301639982407,0.0761957306387655,0.07956800310812806,0.26154910600902714,-0.06629316648039518,-0.087701103035426
2019-07-31,0.013128152166957952,0.023164887502345577,0.011633698646601465,-0.067626591766352,0.010499954223632812,0.048919206413324146
2019-08-31,-0.018091627240523933,-0.020102460442914416,0.06521281929185174,-0.045110118116522324,-0.2548242898641545,-0.24566158020965445
2019-09-30,0.017181177931020697,0.007599817359576155,-0.03515240950054355,-0.13880620170759905,0.11221773283251713,0.11502513507671996
2019-10-31,0.020431770513684056,0.04314885241984778,0.031179692136612758,0.10920318227380199,0.009552258436068106,-0.018052867283168017
2019-11-30,0.034047037714499906,0.03956659235583371,-0.03030306212009004,-0.1771770232076748,0.050266137737417615,0.06434671665681746
2019-12-31,0.02858981890573009,0.03919599952029951,0.03677676399558738,-0.0496762414464359,0.08051802073919423,0.04441696804823447
2020-01-31,-0.0016280928190489652,0.029593195047918686,0.04172426746565483,0.29984019674608997,-0.20792081422117725,-0.21677495137450853
2020-02-29,-0.08411048363840312,-0.05890887084669505,-0.011876965404106432,-0.08031850219040493,-0.2585526392152766,-0.3114630432316182
2020-03-31,-0.12511928240892822,-0.07661818686255861,0.012339395901399985,-0.25127763815543147,-0.38065658404979674,-0.5892661499537982
2020-04-30,0.1268440381652789,0.15191780452102122,0.06366043021573997,0.34477896223547644,-0.10888256920265638,-0.08000000317891443
2020-05-31,0.04528181966555822,0.06166545254272715,0.03129086496263023,0.09268347920493625,0.04180068129452863,-0.1188406049992402
2020-06-30,0.01838839651392421,0.06292893421195567,0.03229890885911102,-0.034146858566219795,0.007716042001406187,-0.04934205979346007
2020-07-31,0.055101321480443666,0.07374631920769303,0.09470164463364483,0.23916341296986676,-0.17917302343055863,-0.25605536260815076
2020-08-31,0.07006466690171775,0.110474379458257,0.002445448664359917,0.03155866679660524,0.29291045025080664,0.22790694966581904
2020-09-30,-0.039227970178423055,-0.05719245079389301,-0.040709481896636146,-0.07673511599209437,-0.02308806925767104,0.030303091878076893
2020-10-31,-0.027665786221379718,-0.03197648188395352,-0.005350980442880848,0.27785306210931693,0.270310239100912,0.4007352626975964
2020-11-30,0.10754563544385909,0.10995888841541435,-0.05417069986132983,0.4241232777902142,-0.018604688556726257,-0.04986882676395521
2020-12-31,0.03712145909357001,0.05053340189576172,0.06611478720635455,0.477731740726012,0.08649290923638953,-0.002762395461353151
2021-01-31,-0.011136660755445171,0.0028785538945379496,-0.02419308401482434,0.14180671257315614,0.19193027205522983,0.22714677850105058
2021-02-28,0.026091451377448394,-0.0012331903022978485,-0.06452664434118571,0.36308750593940786,0.33577307002296597,0.7516930982326953
2021-03-31,0.042438632533165155,0.014098209832663189,-0.008274941820402448,0.30531110958991947,0.1958904149854892,0.20876288105494067
2021-04-30,0.05242532134755851,0.05876506409431559,0.031217177311076982,-0.019835020649767054,-0.06586483742543447,-0.0863539744382501
2021-05-31,0.00548648867060697,-0.012571460940557055,0.07650084730180629,-0.3535455959448175,-0.030656082304839516,-0.08051342620715407
2021-06-30,0.022214009565834747,0.06344130490034017,-0.06922467867115634,-0.06139416614323989,-0.08728653638496053,0.1078680704115429
2021-07-31,0.02274805482838871,0.027832783093796554,0.023605108202631175,0.18793385485283132,-0.14137214274614762,-0.19473082666109542
2021-08-31,0.028990416255438634,0.04161855084210142,0.001324078366097714,0.1331010952575873,0.05246171038876768,0.09815078923585907
2021-09-30,-0.047569168801901096,-0.057300759753554864,-0.032892535080922825,-0.07157155076344934,0.17254602790356666,0.2914507252966354
2021-10-31,0.0691438364006065,0.07902516199290655,0.01578074995803025,0.4002672858735883,0.01831262023258362,0.1915747128993064
2021-11-30,-0.008333706184746159,0.018008942336525058,-0.005272027153147785,-0.07034580264960633,-0.07321777714417277,-0.031986522526442296
2021-12-31,0.04361291346206486,0.011413055911385639,0.03039018107578384,-0.18768354629620299,0.047817053141321786,0.09826090228580187
2022-01-31,-0.052585165027393854,-0.08517300569503083,-0.017783857729138153,-0.16894668246945244,0.17857142012405802,0.277909697689775
2022-02-28,-0.031360491945908286,-0.04636556765923594,0.0581615734897285,0.1223941500332939,0.03198655597461664,0.06629491684634847
2022-03-31,0.03577328837154625,0.042189120531221924,0.02621876704101611,0.05430112933630005,0.26536156586167436,0.40732132078631866
2022-04-30,-0.08795671180434306,-0.13368546249348623,-0.020469886796252945,-0.17180562778839858,0.24065328947469533,0.20231214840149292
2022-05-31,5.317770464463578e-05,-0.01654636389085884,-0.03488194414341905,-0.15703524015723236,-0.014894347621710713,-0.034684008998664084
2022-06-30,-0.08391999993382682,-0.09004674207505148,-0.020947509962970123,-0.37768830820493093,0.04500695429413737,0.06865878061835984
2022-07-31,0.09111639173021002,0.12554634799256936,-0.022836844814264845,0.17954101668545608,-0.11103631784149992,-0.10286285637685189
2022-08-31,-0.04244012827299837,-0.052204281242511974,-0.028419067951734434,-0.14085561097213029,0.18584403652587134,0.21855287615530172
2022-09-30,-0.09339567201327437,-0.10599799038066027,-0.02942551551685535,-0.030822039575552185,0.21417172865423084,0.23051156758477176
2022-10-31,0.0798634138370089,0.039589999723174785,-0.015940808235575088,0.05475483351418764,0.07176662656253807,0.051225008970934516
2022-11-30,0.053752893352493114,0.05475300582979936,0.06730238641898212,-0.16233625149087516,-0.09173413282598575,-0.09792846365272967
2022-12-31,-0.05897147407473047,-0.09063128892379857,0.042210739502792194,-0.03617484988577191,0.047528997184304256,0.04384133144083413
2023-01-31,0.0617528578346791,0.1062335870963802,0.060339644872449805,0.398355562196792,-0.09022941718980149,-0.09049999713897705
2023-02-28,-0.02611249393181858,-0.0049421515292951135,-0.05213784689605472,0.00034877106732977836,0.10966274885065563,0.14568449921416238
2023-03-31,0.03505161257710898,0.09460373099596464,0.0766034084508378,0.23031275933019146,-0.10776300900328484,-0.13363726743035353
2023-04-30,0.014642341662481018,0.004903945871675086,0.010716087143695985,0.027751556410733347,-0.01202062272968396,-0.020769882696212383
2023-05-31,0.002482347368192972,0.076106020881614,-0.013165143205512098,-0.070011342199917,0.05359217451080167,0.05854072861553572
2023-06-30,0.06472746490423464,0.06490208265336128,-0.02179339492645227,0.11967798146804087,0.050041220126224806,0.1041944598733191
2023-07-31,0.031138932355010862,0.03806456597869046,0.025714447473768498,-0.04092037651288716,0.036658838621212775,0.011129931033400542
2023-08-31,-0.017716390070854016,-0.01624228517484294,-0.0163918035159224,-0.11285070504336647,0.03384688577407746,0.015553974339108656
2023-09-30,-0.048719367465624885,-0.050695214090559326,-0.046486419283759295,0.039968549920561314,0.11727340011694332,0.08529688787349388
2023-10-31,-0.02197968873798295,-0.020758068238936445,0.07418428515614806,0.28551947543569023,0.06603980949036292,0.04559271397783027
2023-11-30,0.08917926878197013,0.10673929890417977,0.026647202153533778,0.08783270039094293,-0.10728200276692712,-0.10755816601458001
2023-12-31,0.04422923115636013,0.05505810894247176,0.011922833545408684,0.12071360157473277,-0.11167285685704287,-0.10656118188165187
2024-01-31,0.015895707598991615,0.018501833340375473,-0.006788208234537851,0.007510151676246579,0.026125212678811627,0.010937514648928337
2024-02-29,0.05172064062372317,0.05290288066228199,-0.0013180781588525425,0.43716858418659976,0.07184266369145287,0.09788771700881349
2024-03-31,0.031018779915342964,0.011684859290805427,0.08393212849886278,0.16561329171152273,-0.01081843964791207,-0.009854597115124042
2024-04-30,-0.04161507173789869,-0.044591281713677766,0.033372419617130555,-0.14995437921729393,0.11412269045456092,0.11919438019132467
2024-05-31,0.0480211901511991,0.06283931265708231,0.013747054788550983,0.11304277803921714,-0.036705065321401054,-0.0412873532953405
2024-06-30,0.03466980128308328,0.061835268284484934,0.0020664036462707536,-0.07131456883230869,-0.03788214579681881,-0.04394873831917423
2024-07-31,0.011321316887868749,-0.01628011906372029,0.04244535416963191,0.030966973402063003,-0.053879745026614745,-0.07599907518485016
2024-08-31,0.022834706936630367,0.0109599332792929,0.027735441511693715,-0.08742521094720224,-0.048186951257241595,-0.07125002145767212
2024-09-30,0.020196884090601275,0.024830536480155763,0.05706153101368083,0.07392927032290175,-0.0278701015604621,-0.03714670649594054
2024-10-31,-0.009896743303151712,-0.008487720805800958,0.038769374221692354,0.10872796248193972,0.1267753467416295,0.16158801308402815
2024-11-30,0.057301295482098835,0.05228392476552446,-0.02968997092298853,0.3736209803256596,-0.0247432186219384,-0.02406747928283237
2024-12-31,-0.02499013704848363,0.0039082340450091735,-0.010462946491578862,-0.03131032825862812,0.09454283950480602,0.0801480394230869
2025-01-31,0.0270163042404441,0.022171953734772876,0.06971704405609214,0.09607082167329573,-0.0008747402055999665,-0.0036530297774999276
2025-02-28,-0.014242092699825126,-0.027639408764143503,0.008640017361111196,-0.17608526437187266,-0.07397676470198411,-0.07699357876024737
2025-03-31,-0.05754469768137538,-0.07689759612480074,0.10081782116372495,-0.021619399346929025,0.003545229656093385,-0.011171757507225988
2025-04-30,-0.007624943346289825,0.015176029419184278,0.058345058384461135,0.14123018539860022,-0.016250534701135022,-0.05799647106985417
2025-05-31,0.06152382614078289,0.09043834943288487,-0.004871436507186133,0.11072156686350643,0.05721806104337501,0.06050106408268041
2025-06-30,0.049606839467715824,0.06269716243507695,0.0016722916973181956,0.023865516830480216,-0.04211953690213277,-0.046242777337304974
2025-07-31,0.0216665625306407,0.023771292511066244,-0.0003642396817160609,0.08048574368152783,0.03073288743610747,0.043478249943583736
2025-08-31,-0.0014907104798240756,-0.0012709800241039737,0.034222018961153955,-0.006919865965222538,-0.03669732095175382,-0.054797981196721524
